<?xml version="1.0" encoding="UTF-8"?>
<configurationDescriptor version="95">
  <projectmakefile>Makefile</projectmakefile>
  <confs>
    <conf name="Debug" type="1">
      <toolsSet>
        <developmentServer>localhost</developmentServer>
        <platform>3</platform>
      </toolsSet>
      <dbx_gdbdebugger version="1">
        <gdb_pathmaps>
        </gdb_pathmaps>
        <gdb_interceptlist>
          <gdbinterceptoptions gdb_all="false" gdb_unhandled="true" gdb_unexpected="true"/>
        </gdb_interceptlist>
        <gdb_options>
          <DebugOptions>
          </DebugOptions>
        </gdb_options>
        <gdb_buildfirst gdb_buildfirst_overriden="false" gdb_buildfirst_old="false"/>
      </dbx_gdbdebugger>
      <nativedebugger version="1">
        <engine>gdb</engine>
      </nativedebugger>
      <runprofile version="9">
        <runcommandpicklist>
          <runcommandpicklistitem>"${OUTPUT_PATH}"</runcommandpicklistitem>
          <runcommandpicklistitem>"${OUTPUT_PATH}" "bossInfo.txt" "heroes.txt" "EquippedItems.txt"</runcommandpicklistitem>
          <runcommandpicklistitem>"Output" "bossInfo.txt" "heroes.txt" "EquippedItems.txt"</runcommandpicklistitem>
          <runcommandpicklistitem>"output" "bossInfo.txt" "heroes.txt" "EquippedItems.txt"</runcommandpicklistitem>
          <runcommandpicklistitem>"output.exe" "bossInfo.txt" "heroes.txt" "EquippedItems.txt"</runcommandpicklistitem>
          <runcommandpicklistitem>"HW.exe" "bossInfo.txt" "heroes.txt" "EquippedItems.txt"</runcommandpicklistitem>
          <runcommandpicklistitem>"HW3.exe" "bossInfos.txt" "heroes.txt" "EquippedItems.txt"</runcommandpicklistitem>
          <runcommandpicklistitem>"HWs3.exe" "bossInfo.txt" "heroes.txt" "EquippedItems.txt"</runcommandpicklistitem>
          <runcommandpicklistitem>"HW3.exe" "bossInfo.txt" "heroes.txt" "EquippedItems.txt"</runcommandpicklistitem>
          <runcommandpicklistitem>"HW3.exe"</runcommandpicklistitem>
        </runcommandpicklist>
        <runcommand>"HW3.exe"</runcommand>
        <rundir></rundir>
        <buildfirst>true</buildfirst>
        <console-type>2</console-type>
        <terminal-type>0</terminal-type>
        <remove-instrumentation>0</remove-instrumentation>
        <environment>
        </environment>
      </runprofile>
    </conf>
    <conf name="Release" type="1">
      <toolsSet>
        <developmentServer>localhost</developmentServer>
        <platform>3</platform>
      </toolsSet>
      <dbx_gdbdebugger version="1">
        <gdb_pathmaps>
        </gdb_pathmaps>
        <gdb_interceptlist>
          <gdbinterceptoptions gdb_all="false" gdb_unhandled="true" gdb_unexpected="true"/>
        </gdb_interceptlist>
        <gdb_options>
          <DebugOptions>
          </DebugOptions>
        </gdb_options>
        <gdb_buildfirst gdb_buildfirst_overriden="false" gdb_buildfirst_old="false"/>
      </dbx_gdbdebugger>
      <nativedebugger version="1">
        <engine>gdb</engine>
      </nativedebugger>
      <runprofile version="9">
        <runcommandpicklist>
          <runcommandpicklistitem>"${OUTPUT_PATH}"</runcommandpicklistitem>
        </runcommandpicklist>
        <runcommand>"${OUTPUT_PATH}"</runcommand>
        <rundir></rundir>
        <buildfirst>true</buildfirst>
        <terminal-type>0</terminal-type>
        <remove-instrumentation>0</remove-instrumentation>
        <environment>
        </environment>
      </runprofile>
    </conf>
  </confs>
</configurationDescriptor>
