<?xml version="1.0" encoding="UTF-8"?>
<project-private xmlns="http://www.netbeans.org/ns/project-private/1">
    <data xmlns="http://www.netbeans.org/ns/make-project-private/1">
        <activeConfTypeElem>1</activeConfTypeElem>
        <activeConfIndexElem>0</activeConfIndexElem>
    </data>
    <editor-bookmarks xmlns="http://www.netbeans.org/ns/editor-bookmarks/2" lastBookmarkId="0"/>
    <open-files xmlns="http://www.netbeans.org/ns/projectui-open-files/2">
        <group>
            <file>file:/C:/Users/Bens-Acer/Documents/NetBeansProjects/HW3_Benjarit_Hotrabhavananda_CS2050/fightFunctions.c</file>
            <file>file:/C:/Users/Bens-Acer/Documents/NetBeansProjects/HW3_Benjarit_Hotrabhavananda_CS2050/game.h</file>
            <file>file:/C:/Users/Bens-Acer/Documents/NetBeansProjects/HW3_Benjarit_Hotrabhavananda_CS2050/debugPrint.c</file>
            <file>file:/C:/Users/Bens-Acer/Documents/NetBeansProjects/HW3_Benjarit_Hotrabhavananda_CS2050/Makefile</file>
            <file>file:/C:/Users/Bens-Acer/Documents/NetBeansProjects/HW3_Benjarit_Hotrabhavananda_CS2050/main.c</file>
            <file>file:/C:/Users/Bens-Acer/Documents/NetBeansProjects/HW3_Benjarit_Hotrabhavananda_CS2050/bossFunctions.c</file>
            <file>file:/C:/Users/Bens-Acer/Documents/NetBeansProjects/HW3_Benjarit_Hotrabhavananda_CS2050/heroes.txt</file>
            <file>file:/C:/Users/Bens-Acer/Documents/NetBeansProjects/HW3_Benjarit_Hotrabhavananda_CS2050/bossInfo.txt</file>
        </group>
    </open-files>
</project-private>
